measure,location,sex,age,cause,metric,year,val,upper,lower
Deaths,Ukraine,Both,All Ages,All causes,Number,2017,689878.8076412412,718846.2440188803,664019.188487193
Deaths,Ukraine,Both,All Ages,All causes,Rate,2017,1543.730031453149,1608.5499693539261,1485.8644031023682
Deaths,Grenada,Both,All Ages,All causes,Number,2017,1141.363101587185,1197.1582020708606,1086.026412417417
Deaths,Grenada,Both,All Ages,All causes,Rate,2017,1029.3806289795505,1079.701508943162,979.4731842548978
Deaths,Vietnam,Both,All Ages,All causes,Number,2017,606304.4328256818,666410.1351232323,557721.0582052039
Deaths,Vietnam,Both,All Ages,All causes,Rate,2017,630.6426205980931,693.1610775936298,580.1090189462537
Deaths,Guyana,Both,All Ages,All causes,Number,2017,5558.660784600047,6046.221930500088,5052.935799914724
Deaths,Guyana,Both,All Ages,All causes,Rate,2017,748.8405431106937,814.5228301656915,680.711296360183
Deaths,Bhutan,Both,All Ages,All causes,Number,2017,4139.807722084132,4695.41643442573,3603.829438665191
Deaths,Bhutan,Both,All Ages,All causes,Rate,2017,432.3964283605356,490.4288875737771,376.4143366820163
Deaths,Uzbekistan,Both,All Ages,All causes,Number,2017,205264.84444114155,224110.6504521743,188074.27357917678
Deaths,Uzbekistan,Both,All Ages,All causes,Rate,2017,636.7388778800964,695.1992411482528,583.4131131561494
Deaths,India,Both,All Ages,All causes,Number,2017,9909501.469219549,10093179.273773676,9731577.80965064
Deaths,India,Both,All Ages,All causes,Rate,2017,717.7883535625297,731.0929369794064,704.9005679298748
Deaths,Niger,Both,All Ages,All causes,Number,2017,172900.81217683255,198646.56743781394,151610.8747609987
Deaths,Niger,Both,All Ages,All causes,Rate,2017,808.8568971302376,929.2995454468529,709.2592578741732
Deaths,Nigeria,Both,All Ages,All causes,Number,2017,1582430.4905233833,1895742.5962676988,1345840.1943201758
Deaths,Nigeria,Both,All Ages,All causes,Rate,2017,767.8423290879524,919.8706794305933,653.0416821311344
Deaths,Samoa,Both,All Ages,All causes,Number,2017,1083.7520187503724,1179.1649241300327,980.8297820595986
Deaths,Samoa,Both,All Ages,All causes,Rate,2017,544.822457329724,592.7883136054569,493.0815194236567
Deaths,Congo,Both,All Ages,All causes,Number,2017,37911.61084852652,42831.03731922652,33704.886222402274
Deaths,Congo,Both,All Ages,All causes,Rate,2017,771.6477170642106,871.7770473780247,686.0246221491408
Deaths,Cyprus,Both,All Ages,All causes,Number,2017,7737.816165169317,8289.696578745938,7244.807989501371
Deaths,Cyprus,Both,All Ages,All causes,Rate,2017,612.8321836167968,656.5409086275951,573.786118113777
Deaths,Sudan,Both,All Ages,All causes,Number,2017,209005.5058132136,236534.8752081297,183225.822732282
Deaths,Sudan,Both,All Ages,All causes,Rate,2017,519.1967389056795,587.5832570424019,455.15666812590075
Deaths,South Sudan,Both,All Ages,All causes,Number,2017,97278.59870846903,116214.92951959453,82428.16902751164
Deaths,South Sudan,Both,All Ages,All causes,Rate,2017,978.5585474427534,1169.0455468285418,829.1730187608605
Deaths,Azerbaijan,Both,All Ages,All causes,Number,2017,75511.84081385373,80241.66087532927,71267.06604360694
Deaths,Azerbaijan,Both,All Ages,All causes,Rate,2017,738.5006248910569,784.7579407421244,696.9870187259439
Deaths,Portugal,Both,All Ages,All causes,Number,2017,113754.21744223878,118559.21149991389,108925.99698790106
Deaths,Portugal,Both,All Ages,All causes,Rate,2017,1064.9437314870004,1109.927103678469,1019.7429185176258
Deaths,Maldives,Both,All Ages,All causes,Number,2017,1149.3889337899168,1206.612592695818,1095.4944557381368
Deaths,Maldives,Both,All Ages,All causes,Rate,2017,250.62946810761335,263.10734637242984,238.87753282186463
Deaths,Georgia,Both,All Ages,All causes,Number,2017,50563.74202548814,51700.14025425852,49322.97530887699
Deaths,Georgia,Both,All Ages,All causes,Rate,2017,1369.80042679828,1400.5860988317645,1336.1873532817983
Deaths,Guam,Both,All Ages,All causes,Number,2017,1251.8744668105658,1326.0541739210394,1178.902025924844
Deaths,Guam,Both,All Ages,All causes,Rate,2017,745.888182318552,790.0857183882176,702.4099560789272
Deaths,Myanmar,Both,All Ages,All causes,Number,2017,409963.24895793735,445309.50503405265,372739.357829043
Deaths,Myanmar,Both,All Ages,All causes,Rate,2017,776.5190297759758,843.4690321096101,706.0125638979541
Deaths,El Salvador,Both,All Ages,All causes,Number,2017,41517.775540977505,47059.88274576242,36530.9503750257
Deaths,El Salvador,Both,All Ages,All causes,Rate,2017,682.0788194404881,773.1278674734538,600.1522764687588
Deaths,Djibouti,Both,All Ages,All causes,Number,2017,6226.851598176014,8168.356097062577,4797.667025746721
Deaths,Djibouti,Both,All Ages,All causes,Rate,2017,559.4150568429513,733.8381713947119,431.0183291838565
Deaths,Egypt,Both,All Ages,All causes,Number,2017,499504.2814828908,543940.4423848536,459006.77166986855
Deaths,Egypt,Both,All Ages,All causes,Rate,2017,517.7068059532915,563.7622729076221,475.73351917360696
Deaths,Spain,Both,All Ages,All causes,Number,2017,416519.7246624167,432610.60001883324,400322.9680975651
Deaths,Spain,Both,All Ages,All causes,Rate,2017,897.8805647966808,932.5672396349541,862.9656446350726
Deaths,Ireland,Both,All Ages,All causes,Number,2017,30809.88389498116,32328.50450359017,29286.600800512606
Deaths,Ireland,Both,All Ages,All causes,Rate,2017,633.8761828739339,665.1199693776402,602.5364713498859
Deaths,Haiti,Both,All Ages,All causes,Number,2017,88629.35933913157,100402.73097333201,78328.832988187
Deaths,Haiti,Both,All Ages,All causes,Rate,2017,749.5187655611801,849.0835490545746,662.4095068148895
Deaths,Iran,Both,All Ages,All causes,Number,2017,380006.28905036836,381857.9114717362,378023.5209776467
Deaths,Iran,Both,All Ages,All causes,Rate,2017,462.42914634682603,464.6823832019565,460.01631852346577
Deaths,Israel,Both,All Ages,All causes,Number,2017,45677.0416584045,47875.62951034531,43608.712252996316
Deaths,Israel,Both,All Ages,All causes,Rate,2017,510.40374189494435,534.9711706462954,487.2918452032405
Deaths,Jamaica,Both,All Ages,All causes,Number,2017,20259.910545902632,22587.687641758755,18193.554008843603
Deaths,Jamaica,Both,All Ages,All causes,Rate,2017,728.9667457270276,812.7219079474905,654.617690882048
Deaths,Nepal,Both,All Ages,All causes,Number,2017,182751.43607782494,197584.12325553168,166242.01910723493
Deaths,Nepal,Both,All Ages,All causes,Rate,2017,611.3821322266475,661.0038485205502,556.1510338236787
Deaths,Australia,Both,All Ages,All causes,Number,2017,170872.38625999138,185429.52641170807,156975.53387349207
Deaths,Australia,Both,All Ages,All causes,Rate,2017,713.6607955372834,774.4597370679219,655.6195932887055
Deaths,Pakistan,Both,All Ages,All causes,Number,2017,1416037.4416730835,1589763.3141080795,1249527.111522608
Deaths,Pakistan,Both,All Ages,All causes,Rate,2017,660.8121429746328,741.8835628929282,583.1079489639549
Deaths,Seychelles,Both,All Ages,All causes,Number,2017,762.5560794977919,792.1305031688195,733.2049517362505
Deaths,Seychelles,Both,All Ages,All causes,Rate,2017,755.7007684755561,785.00932072018,726.6135047301416
Deaths,Fiji,Both,All Ages,All causes,Number,2017,7252.523883187355,8014.6614354467165,6509.631269490412
Deaths,Fiji,Both,All Ages,All causes,Rate,2017,799.6707477989141,883.7048187178269,717.7586436131581
Deaths,Sao Tome and Principe,Both,All Ages,All causes,Number,2017,1052.6832546462194,1144.9555961440135,962.257053860147
Deaths,Sao Tome and Principe,Both,All Ages,All causes,Rate,2017,525.8001102500658,571.8888146333,480.63352653843293
Deaths,New Zealand,Both,All Ages,All causes,Number,2017,32621.442953381546,34087.86878432303,31323.27342170226
Deaths,New Zealand,Both,All Ages,All causes,Rate,2017,733.3339120836841,766.2993389325736,704.1509068262327
Deaths,Mozambique,Both,All Ages,All causes,Number,2017,256849.81779911567,286078.0421478872,232530.01729462485
Deaths,Mozambique,Both,All Ages,All causes,Rate,2017,855.1597055440931,952.4726020135032,774.1889903747439
Deaths,Rwanda,Both,All Ages,All causes,Number,2017,68229.7044612179,75082.52971038212,61912.22428776978
Deaths,Rwanda,Both,All Ages,All causes,Rate,2017,543.4822947525619,598.0683320418053,493.1605375526469
Deaths,Philippines,Both,All Ages,All causes,Number,2017,666558.9507055759,736921.4789816188,598755.9727163507
Deaths,Philippines,Both,All Ages,All causes,Rate,2017,644.2011804252455,712.2036035044815,578.672455005281
Deaths,Sri Lanka,Both,All Ages,All causes,Number,2017,125996.51110484505,142481.9115397817,109301.89631249214
Deaths,Sri Lanka,Both,All Ages,All causes,Rate,2017,583.413403915379,659.7472920390854,506.1107710277291
Deaths,Senegal,Both,All Ages,All causes,Number,2017,87598.8296660664,96695.20765853622,79601.78267513805
Deaths,Senegal,Both,All Ages,All causes,Rate,2017,596.3958856039254,658.3264208552271,541.9498851202172
Deaths,Brazil,Both,All Ages,All causes,Number,2017,1349150.4221394218,1357260.6304592441,1341187.2584991027
Deaths,Brazil,Both,All Ages,All causes,Rate,2017,636.9544298950291,640.7833825691806,633.19489925008
Deaths,Brunei,Both,All Ages,All causes,Number,2017,1875.0299033880876,2003.2509850119952,1759.0513238025098
Deaths,Brunei,Both,All Ages,All causes,Rate,2017,433.58231540472383,463.23218571011887,406.7634038859266
Deaths,Denmark,Both,All Ages,All causes,Number,2017,54215.63603208739,56815.50856621703,51631.033160663115
Deaths,Denmark,Both,All Ages,All causes,Rate,2017,945.7956262592618,991.1505875135383,900.7070453568163
Deaths,Solomon Islands,Both,All Ages,All causes,Number,2017,4131.793572014238,4590.2689250795975,3712.6448180928355
Deaths,Solomon Islands,Both,All Ages,All causes,Rate,2017,648.0159977488034,719.9216624877724,582.2781787499868
Deaths,Finland,Both,All Ages,All causes,Number,2017,55071.11546341427,57861.19593692327,52675.41979439616
Deaths,Finland,Both,All Ages,All causes,Rate,2017,998.0307434175996,1048.594202424002,954.6145549232738
Deaths,Mali,Both,All Ages,All causes,Number,2017,186241.76543868342,212949.62305810486,164660.81131899127
Deaths,Mali,Both,All Ages,All causes,Rate,2017,919.5431812506749,1051.4095663330177,812.9901792486608
Deaths,Equatorial Guinea,Both,All Ages,All causes,Number,2017,7261.563150108964,9445.491867970555,5560.9649844967425
Deaths,Equatorial Guinea,Both,All Ages,All causes,Rate,2017,539.880760628605,702.2509105515012,413.44514171361175
Deaths,Malta,Both,All Ages,All causes,Number,2017,3991.2084529328486,4144.223475735565,3839.2401711172924
Deaths,Malta,Both,All Ages,All causes,Rate,2017,918.633494242939,953.8520819780975,883.6558288604813
Deaths,Albania,Both,All Ages,All causes,Number,2017,21756.81898234015,25052.520397366632,18729.137920423556
Deaths,Albania,Both,All Ages,All causes,Rate,2017,786.5346463748128,905.6781364745792,677.0804078989028
Deaths,Ecuador,Both,All Ages,All causes,Number,2017,87369.65924199428,94465.7477151675,81318.9898032121
Deaths,Ecuador,Both,All Ages,All causes,Rate,2017,523.6046272497141,566.1313441004187,487.34308584516657
Deaths,Somalia,Both,All Ages,All causes,Number,2017,145655.6972516684,185438.5403527887,115653.8958927026
Deaths,Somalia,Both,All Ages,All causes,Rate,2017,862.8694485339197,1098.5444034823904,685.1377272068395
Deaths,Kiribati,Both,All Ages,All causes,Number,2017,1009.1966198917165,1124.7328375782179,905.4238728137601
Deaths,Kiribati,Both,All Ages,All causes,Rate,2017,853.5113921284849,951.2242421868265,765.7473032703514
Deaths,Bosnia and Herzegovina,Both,All Ages,All causes,Number,2017,37010.538309829964,38824.73010360598,35353.53020382553
Deaths,Bosnia and Herzegovina,Both,All Ages,All causes,Rate,2017,1088.7887934099056,1142.1593139255442,1040.0423568867773
Deaths,Tajikistan,Both,All Ages,All causes,Number,2017,47993.986299694094,51392.15732993873,44708.93217709076
Deaths,Tajikistan,Both,All Ages,All causes,Rate,2017,519.2065642928328,555.968518060861,483.6683271924115
Deaths,Macedonia,Both,All Ages,All causes,Number,2017,19110.9933600096,19949.71099369903,18281.85794826319
Deaths,Macedonia,Both,All Ages,All causes,Rate,2017,878.7357284657915,917.3005030399584,840.6115506005852
Deaths,Marshall Islands,Both,All Ages,All causes,Number,2017,415.0576149167002,462.95560796880915,370.680547167501
Deaths,Marshall Islands,Both,All Ages,All causes,Rate,2017,737.0854897949042,822.1457667304144,658.2778940731762
Deaths,Turkmenistan,Both,All Ages,All causes,Number,2017,32991.733266170326,35127.25383967884,31167.372100432032
Deaths,Turkmenistan,Both,All Ages,All causes,Rate,2017,662.8994948230304,705.8082895184145,626.242794025114
Deaths,Norway,Both,All Ages,All causes,Number,2017,41374.29078124939,41986.74055143308,40757.94042621952
Deaths,Norway,Both,All Ages,All causes,Rate,2017,786.1085445208207,797.7450460375896,774.3979321729477
Deaths,Sierra Leone,Both,All Ages,All causes,Number,2017,71226.98389512354,80326.34212348297,63054.24482060783
Deaths,Sierra Leone,Both,All Ages,All causes,Rate,2017,909.6969086162709,1025.9121068186655,805.316306428181
Deaths,Togo,Both,All Ages,All causes,Number,2017,50468.384006369786,56805.953783725425,45048.10025437589
Deaths,Togo,Both,All Ages,All causes,Rate,2017,671.476594695885,755.7973007483939,599.360283707703
Deaths,Japan,Both,All Ages,All causes,Number,2017,1371733.9062380062,1396464.3433985417,1347734.871751767
Deaths,Japan,Both,All Ages,All causes,Rate,2017,1068.6343855743305,1087.9003637643054,1049.9381986856376
Deaths,Hungary,Both,All Ages,All causes,Number,2017,122036.08252670435,127406.58252544724,117082.59642837752
Deaths,Hungary,Both,All Ages,All causes,Rate,2017,1254.5647560103525,1309.7749846663087,1203.6415458443087
Deaths,Italy,Both,All Ages,All causes,Number,2017,622129.8343606984,649341.8584108629,594419.1650929704
Deaths,Italy,Both,All Ages,All causes,Rate,2017,1026.6595815243988,1071.565779042611,980.9305028934072
Deaths,Mauritania,Both,All Ages,All causes,Number,2017,20049.9670862653,22188.19951776484,17923.93965734907
Deaths,Mauritania,Both,All Ages,All causes,Rate,2017,512.2730954160046,566.9045539959793,457.9534724827426
Deaths,Peru,Both,All Ages,All causes,Number,2017,141758.55612471642,157908.16419064812,126715.16031896492
Deaths,Peru,Both,All Ages,All causes,Rate,2017,426.731527024539,475.34620750110764,381.44684411499264
Deaths,Thailand,Both,All Ages,All causes,Number,2017,467227.98251778126,503474.6906604747,429812.93651108135
Deaths,Thailand,Both,All Ages,All causes,Rate,2017,661.5517915222686,712.8737919285069,608.5755323045781
Deaths,Saint Vincent and the Grenadines,Both,All Ages,All causes,Number,2017,1005.1716443199821,1050.8116226888988,963.2335057701927
Deaths,Saint Vincent and the Grenadines,Both,All Ages,All causes,Rate,2017,880.8668365987019,920.8627354040839,844.1149886472184
Deaths,Honduras,Both,All Ages,All causes,Number,2017,44427.874499215155,50611.8489135646,38310.60801690423
Deaths,Honduras,Both,All Ages,All causes,Rate,2017,467.72019657576436,532.8227872646373,403.3198822716591
Deaths,Switzerland,Both,All Ages,All causes,Number,2017,64565.073646009725,67405.18933929487,61602.89827195129
Deaths,Switzerland,Both,All Ages,All causes,Rate,2017,751.3606213236521,784.411789260632,716.8890130091503
Deaths,South Korea,Both,All Ages,All causes,Number,2017,299614.9480931351,315099.1119494155,284397.56929772976
Deaths,South Korea,Both,All Ages,All causes,Rate,2017,568.8451319720102,598.2431686466163,539.9536100228131
Deaths,Singapore,Both,All Ages,All causes,Number,2017,19840.390386524676,20898.626238874098,18862.731351647777
Deaths,Singapore,Both,All Ages,All causes,Rate,2017,356.29807570227644,375.3021068975167,338.7410606419191
Deaths,Uganda,Both,All Ages,All causes,Number,2017,232630.54427390033,256092.47777073248,213451.19268579787
Deaths,Uganda,Both,All Ages,All causes,Rate,2017,595.2921674466617,655.3303076978154,546.2129813374625
Deaths,Gabon,Both,All Ages,All causes,Number,2017,11135.352932680653,12187.499600599785,10090.937385874833
Deaths,Gabon,Both,All Ages,All causes,Rate,2017,653.9744754015117,715.7665954499429,592.6364007618693
Deaths,Timor-Leste,Both,All Ages,All causes,Number,2017,7192.822324596604,7846.265066813008,6558.175194800868
Deaths,Timor-Leste,Both,All Ages,All causes,Rate,2017,558.6717243301207,609.4250958261298,509.37822167655236
Deaths,Guatemala,Both,All Ages,All causes,Number,2017,89106.43918368036,97069.16767799518,82119.2297927287
Deaths,Guatemala,Both,All Ages,All causes,Rate,2017,526.5028588151713,573.5522006431378,485.21756278967445
Deaths,Bolivia,Both,All Ages,All causes,Number,2017,66605.3691746575,75674.9533129864,57820.57422511118
Deaths,Bolivia,Both,All Ages,All causes,Rate,2017,577.0198362333953,655.592029722485,500.91484641134446
Deaths,Botswana,Both,All Ages,All causes,Number,2017,14257.946329847937,15996.510010458354,12983.496221019574
Deaths,Botswana,Both,All Ages,All causes,Rate,2017,624.843443797103,701.0346492008597,568.9916558519595
Deaths,Lesotho,Both,All Ages,All causes,Number,2017,25216.91565434806,28052.207721634237,22245.422748875528
Deaths,Lesotho,Both,All Ages,All causes,Rate,2017,1294.783186143028,1440.363579353959,1142.2094493511652
Deaths,Sweden,Both,All Ages,All causes,Number,2017,91940.99134960561,95503.36717991129,88310.3353881327
Deaths,Sweden,Both,All Ages,All causes,Rate,2017,915.291424126909,950.755606088981,879.1474994561892
Deaths,Algeria,Both,All Ages,All causes,Number,2017,167907.4347127858,174977.56279127684,161067.61440078204
Deaths,Algeria,Both,All Ages,All causes,Rate,2017,414.95820313442005,432.4309710818262,398.05460651115885
Deaths,Andorra,Both,All Ages,All causes,Number,2017,559.4858724959412,609.6491201748172,510.39234601482997
Deaths,Andorra,Both,All Ages,All causes,Rate,2017,699.6546801209942,762.3853990433898,638.2616812005385
Deaths,Netherlands,Both,All Ages,All causes,Number,2017,152061.64052563105,159470.8898757236,145358.91324611567
Deaths,Netherlands,Both,All Ages,All causes,Rate,2017,892.9518433372195,936.4611915333873,853.5914059583976
Deaths,Kazakhstan,Both,All Ages,All causes,Number,2017,134591.65358481446,139815.84613222012,129773.28660974192
Deaths,Kazakhstan,Both,All Ages,All causes,Rate,2017,751.7266601719551,780.9050283036884,724.814925178138
Deaths,Tanzania,Both,All Ages,All causes,Number,2017,342550.72031168453,378894.9639884875,311490.30169032264
Deaths,Tanzania,Both,All Ages,All causes,Rate,2017,634.6689237420838,702.0065781413743,577.1210007966532
Deaths,Jordan,Both,All Ages,All causes,Number,2017,27515.49062606179,30070.288845537776,25190.981860564996
Deaths,Jordan,Both,All Ages,All causes,Rate,2017,258.3987026545405,282.390880530934,236.56917915171144
Deaths,Suriname,Both,All Ages,All causes,Number,2017,4297.7115580589325,4638.375567745905,3946.0130760374736
Deaths,Suriname,Both,All Ages,All causes,Rate,2017,750.7402829384647,810.2487426301764,689.3042804671711
Deaths,Democratic Republic of the Congo,Both,All Ages,All causes,Number,2017,642873.0952611481,715297.1020401262,577580.4112607992
Deaths,Democratic Republic of the Congo,Both,All Ages,All causes,Rate,2017,794.8021423285514,884.3419849013163,714.0789552728268
Deaths,Saint Lucia,Both,All Ages,All causes,Number,2017,1329.6665750066068,1395.038785067757,1268.8817291764083
Deaths,Saint Lucia,Both,All Ages,All causes,Rate,2017,753.4612595935265,790.5047024091361,719.0172663667329
Deaths,Vanuatu,Both,All Ages,All causes,Number,2017,2236.166768279572,2751.383963167269,1823.9714755408174
Deaths,Vanuatu,Both,All Ages,All causes,Rate,2017,777.6139776146541,956.7777582124359,634.275463829647
Deaths,Federated States of Micronesia,Both,All Ages,All causes,Number,2017,747.3489716065475,831.177935913789,667.8933476223025
Deaths,Federated States of Micronesia,Both,All Ages,All causes,Rate,2017,719.1143005927039,799.7762260485266,642.660491675619
Deaths,Kyrgyzstan,Both,All Ages,All causes,Number,2017,33901.24221956858,34685.808605782426,33097.853202810555
Deaths,Kyrgyzstan,Both,All Ages,All causes,Rate,2017,532.3206229169399,544.6399610911593,519.7057299559245
Deaths,Kenya,Both,All Ages,All causes,Number,2017,288899.3113731914,297169.2663493565,280686.53994449717
Deaths,Kenya,Both,All Ages,All causes,Rate,2017,597.8038130251574,614.9163862424464,580.8095666483109
Deaths,Papua New Guinea,Both,All Ages,All causes,Number,2017,84869.33194772842,96518.7067891674,74539.17265309748
Deaths,Papua New Guinea,Both,All Ages,All causes,Rate,2017,919.7384467090094,1045.9840253639122,807.7893545475166
Deaths,Paraguay,Both,All Ages,All causes,Number,2017,32695.74516727453,37319.61064745239,28811.343161161993
Deaths,Paraguay,Both,All Ages,All causes,Rate,2017,471.720098229678,538.4312334967057,415.67762277874436
Deaths,Bahrain,Both,All Ages,All causes,Number,2017,3326.1728249568455,3587.9070295572174,3089.5049044535126
Deaths,Bahrain,Both,All Ages,All causes,Rate,2017,226.2129055399297,244.01344027389968,210.117127971352
Deaths,Colombia,Both,All Ages,All causes,Number,2017,234216.5810971164,255101.56922826872,214782.4849361198
Deaths,Colombia,Both,All Ages,All causes,Rate,2017,462.8223019705783,504.09196032785906,424.41967018499906
Deaths,Madagascar,Both,All Ages,All causes,Number,2017,184888.57575799344,212987.5089225129,161143.20278992577
Deaths,Madagascar,Both,All Ages,All causes,Rate,2017,708.1470043937312,815.7695292876415,617.1991745096454
Deaths,Austria,Both,All Ages,All causes,Number,2017,81371.37953493644,85119.61869228807,77969.19503718271
Deaths,Austria,Both,All Ages,All causes,Rate,2017,925.3976890104279,968.0246159950235,886.706275766577
Deaths,Mongolia,Both,All Ages,All causes,Number,2017,21210.01455054702,22822.42608936416,19674.95540196368
Deaths,Mongolia,Both,All Ages,All causes,Rate,2017,652.3297038233787,701.9206147136716,605.1178229752865
Deaths,Northern Mariana Islands,Both,All Ages,All causes,Number,2017,265.4824325601155,288.3178241931259,242.77379964703783
Deaths,Northern Mariana Islands,Both,All Ages,All causes,Rate,2017,591.5627382947881,642.4458294062827,540.9620980209746
Deaths,Montenegro,Both,All Ages,All causes,Number,2017,6502.302865794328,6941.596711233466,6107.098997681401
Deaths,Montenegro,Both,All Ages,All causes,Rate,2017,1038.1792454389442,1108.3183580575112,975.0796848585859
Deaths,China,Both,All Ages,All causes,Number,2017,10452104.19125356,10762043.940796208,10151788.899856174
Deaths,China,Both,All Ages,All causes,Rate,2017,739.9822513432873,761.9251931137379,718.7206966003677
Deaths,Slovenia,Both,All Ages,All causes,Number,2017,19903.95618200428,21039.749976117593,18852.655750480815
Deaths,Slovenia,Both,All Ages,All causes,Rate,2017,962.0753460919493,1016.9749448234135,911.2598088562419
Deaths,Kuwait,Both,All Ages,All causes,Number,2017,7732.700448983594,8142.505480928954,7354.407004425124
Deaths,Kuwait,Both,All Ages,All causes,Rate,2017,181.42509424074572,191.0399651427719,172.54955014299145
Deaths,Costa Rica,Both,All Ages,All causes,Number,2017,23551.22803992005,24687.992813016073,22445.941088309104
Deaths,Costa Rica,Both,All Ages,All causes,Rate,2017,506.0716660695468,530.4986064258944,482.3211249878434
Deaths,Czech Republic,Both,All Ages,All causes,Number,2017,110500.69380344561,115822.31479449739,105463.56014875567
Deaths,Czech Republic,Both,All Ages,All causes,Rate,2017,1043.1746854466874,1093.41310578893,995.6219494871212
Deaths,Puerto Rico,Both,All Ages,All causes,Number,2017,34519.649664422854,35968.55119177526,33093.3552406515
Deaths,Puerto Rico,Both,All Ages,All causes,Rate,2017,941.6464095891668,981.1703599867801,902.7391484721584
Deaths,Poland,Both,All Ages,All causes,Number,2017,394350.87119056366,411207.58873703366,379107.8563828882
Deaths,Poland,Both,All Ages,All causes,Rate,2017,1027.1410079978755,1071.0466441131048,987.4384823074566
Deaths,Nicaragua,Both,All Ages,All causes,Number,2017,23173.67946185679,25173.18712681065,21391.394259425022
Deaths,Nicaragua,Both,All Ages,All causes,Rate,2017,362.28290798665165,393.541968620222,334.41976838202686
Deaths,Belgium,Both,All Ages,All causes,Number,2017,108891.57899005283,113903.30931694404,104219.0022388333
Deaths,Belgium,Both,All Ages,All causes,Rate,2017,961.9898115585978,1006.2653520316491,920.7104833489353
Deaths,Burundi,Both,All Ages,All causes,Number,2017,81916.8344968599,91909.86246261101,73118.99035278926
Deaths,Burundi,Both,All Ages,All causes,Rate,2017,751.1575371747807,842.7911839309932,670.4834366642079
Deaths,Bermuda,Both,All Ages,All causes,Number,2017,526.2722920407928,555.7818647365997,499.7483682834396
Deaths,Bermuda,Both,All Ages,All causes,Rate,2017,798.761031082733,843.5498164126802,758.5037783084595
Deaths,Argentina,Both,All Ages,All causes,Number,2017,332465.3298372004,363637.6064443386,306009.7693981891
Deaths,Argentina,Both,All Ages,All causes,Rate,2017,751.0640487031901,821.4845532632211,691.2989587800823
Deaths,Angola,Both,All Ages,All causes,Number,2017,184355.5217205569,205996.19922195852,163279.72162338096
Deaths,Angola,Both,All Ages,All causes,Rate,2017,653.6897010717206,730.4234374678746,578.958912773156
Deaths,Namibia,Both,All Ages,All causes,Number,2017,17000.852741055285,18946.69211522356,15259.523382885725
Deaths,Namibia,Both,All Ages,All causes,Rate,2017,722.363889408557,805.0423361840021,648.3750450212972
Deaths,Tonga,Both,All Ages,All causes,Number,2017,700.788622087912,778.6473154899419,629.6651332792981
Deaths,Tonga,Both,All Ages,All causes,Rate,2017,681.4487887190999,757.1587968981556,612.2881120607017
Deaths,United Kingdom,Both,All Ages,All causes,Number,2017,608261.5054415703,613315.2954516917,603285.952130737
Deaths,United Kingdom,Both,All Ages,All causes,Rate,2017,912.8187890114414,920.4030178927483,905.3519700409402
Deaths,Antigua and Barbuda,Both,All Ages,All causes,Number,2017,563.3243667609964,591.5619899682846,532.71865245947
Deaths,Antigua and Barbuda,Both,All Ages,All causes,Rate,2017,633.2521680004616,664.9950450537152,598.8472388366812
Deaths,Comoros,Both,All Ages,All causes,Number,2017,4418.41245733045,4904.444640908324,3944.5236174179277
Deaths,Comoros,Both,All Ages,All causes,Rate,2017,615.1021598978318,682.7643459851927,549.1304898021459
Deaths,Luxembourg,Both,All Ages,All causes,Number,2017,4416.967090777893,4726.902014758531,4116.199335476811
Deaths,Luxembourg,Both,All Ages,All causes,Rate,2017,747.9455448167381,800.428264477121,697.0151443906944
Deaths,South Africa,Both,All Ages,All causes,Number,2017,475367.45804488356,495033.0303946106,458467.5923671209
Deaths,South Africa,Both,All Ages,All causes,Rate,2017,865.0458970581894,900.832155428502,834.2925099300319
Deaths,Mexico,Both,All Ages,All causes,Number,2017,711319.577012929,718770.1457378558,703472.7259621646
Deaths,Mexico,Both,All Ages,All causes,Rate,2017,561.9982230767013,567.8847563869522,555.7985956661986
Deaths,North Korea,Both,All Ages,All causes,Number,2017,235062.45339909778,259505.86571665917,209700.0287408586
Deaths,North Korea,Both,All Ages,All causes,Rate,2017,914.0479415311679,1009.0969397432765,815.4253341522569
Deaths,Iraq,Both,All Ages,All causes,Number,2017,152177.65908493203,160521.79698470677,144598.81818698908
Deaths,Iraq,Both,All Ages,All causes,Rate,2017,351.41351215988766,370.6820619781613,333.91221062809916
Deaths,Greenland,Both,All Ages,All causes,Number,2017,448.65782940644266,466.9329439903467,428.11746112885123
Deaths,Greenland,Both,All Ages,All causes,Rate,2017,798.9586279530644,831.5024943845453,762.3808544671414
Deaths,Canada,Both,All Ages,All causes,Number,2017,279402.96124054916,291871.4240976295,267866.2115309283
Deaths,Canada,Both,All Ages,All causes,Rate,2017,776.4877899007157,811.138851308108,744.4260492345218
Deaths,Trinidad and Tobago,Both,All Ages,All causes,Number,2017,11408.591157925579,13258.570101507208,9795.329903938502
Deaths,Trinidad and Tobago,Both,All Ages,All causes,Rate,2017,819.6976278865335,952.617050688395,703.7861709196669
Deaths,Armenia,Both,All Ages,All causes,Number,2017,28294.130461731314,29041.681894904807,27586.067961230794
Deaths,Armenia,Both,All Ages,All causes,Rate,2017,934.6536963901801,959.3479244457984,911.2639253469192
Deaths,Benin,Both,All Ages,All causes,Number,2017,80805.06914519507,91840.56163819836,71219.84080738331
Deaths,Benin,Both,All Ages,All causes,Rate,2017,697.4792484690562,792.7335077863186,614.7431289633795
Deaths,Palestine,Both,All Ages,All causes,Number,2017,14447.75738505239,15132.5332690823,13803.049424649953
Deaths,Palestine,Both,All Ages,All causes,Rate,2017,297.7631819891278,311.87617134407964,284.475978402656
Deaths,Ethiopia,Both,All Ages,All causes,Number,2017,536989.9966367738,566670.4564489925,511091.8475770967
Deaths,Ethiopia,Both,All Ages,All causes,Rate,2017,521.9376372921566,550.7861245361606,496.7654388990614
Deaths,Lebanon,Both,All Ages,All causes,Number,2017,33578.40161473923,35490.81521846127,31797.17181324694
Deaths,Lebanon,Both,All Ages,All causes,Rate,2017,394.48405099688404,416.95137014547237,373.5578986471957
Deaths,Zambia,Both,All Ages,All causes,Number,2017,118470.65888474435,131104.32283241878,106838.98741770607
Deaths,Zambia,Both,All Ages,All causes,Rate,2017,682.2740080934631,755.0314369760969,615.2870664544928
Deaths,Chile,Both,All Ages,All causes,Number,2017,112316.15231399277,122690.74477973336,102863.0830358664
Deaths,Chile,Both,All Ages,All causes,Rate,2017,626.8259843842671,684.7256185948793,574.0692852485193
Deaths,Swaziland,Both,All Ages,All causes,Number,2017,10124.385382526321,11325.247551436893,9052.175396669785
Deaths,Swaziland,Both,All Ages,All causes,Rate,2017,900.3971220534914,1007.1940089772271,805.041725253953
Deaths,Libya,Both,All Ages,All causes,Number,2017,34455.83411325673,38113.290217899936,31023.88033002
Deaths,Libya,Both,All Ages,All causes,Rate,2017,498.7282168165204,551.6677728626063,449.0526760972249
Deaths,Germany,Both,All Ages,All causes,Number,2017,947309.1694293078,1026314.2287655789,870020.0729673469
Deaths,Germany,Both,All Ages,All causes,Rate,2017,1137.3006607621257,1232.1509051029693,1044.5105312958913
Deaths,United States,Both,All Ages,All causes,Number,2017,2857692.988212477,2907777.5291223195,2806192.6761370734
Deaths,United States,Both,All Ages,All causes,Rate,2017,879.7258879467933,895.1441527520271,863.8717853693117
Deaths,Taiwan (Province of China),Both,All Ages,All causes,Number,2017,179636.58242364353,187207.36378712681,172529.58996804483
Deaths,Taiwan (Province of China),Both,All Ages,All causes,Rate,2017,761.7165959838164,793.8191317330796,731.5806736236696
Deaths,Eritrea,Both,All Ages,All causes,Number,2017,41762.54259775644,47914.94193438147,36163.80200429316
Deaths,Eritrea,Both,All Ages,All causes,Rate,2017,712.7529900781581,817.7547632118172,617.2004003544358
Deaths,Turkey,Both,All Ages,All causes,Number,2017,402293.61543732067,430232.45478155895,374822.51525209664
Deaths,Turkey,Both,All Ages,All causes,Rate,2017,500.01163471423865,534.7368806452359,465.86774283049425
Deaths,Bulgaria,Both,All Ages,All causes,Number,2017,107619.39118096461,112030.39236977673,102918.2799151621
Deaths,Bulgaria,Both,All Ages,All causes,Rate,2017,1526.0098223876607,1588.556460747398,1459.349512484134
Deaths,Bangladesh,Both,All Ages,All causes,Number,2017,887218.6314470702,963528.4997166805,815985.8807723492
Deaths,Bangladesh,Both,All Ages,All causes,Rate,2017,565.1757981063643,613.7866919424488,519.7991284931114
Deaths,France,Both,All Ages,All causes,Number,2017,579163.2916984223,604715.4354033439,556349.8979931512
Deaths,France,Both,All Ages,All causes,Rate,2017,881.3580625783437,920.2427574360764,846.6411377229191
Deaths,Morocco,Both,All Ages,All causes,Number,2017,220711.28479259842,251069.81008649778,191721.28677206836
Deaths,Morocco,Both,All Ages,All causes,Rate,2017,621.9161159436065,707.4597987430598,540.2286436103143
Deaths,American Samoa,Both,All Ages,All causes,Number,2017,327.94781608249633,354.45973463857024,301.13522182405956
Deaths,American Samoa,Both,All Ages,All causes,Rate,2017,589.5079329354894,637.1648635192689,541.3105178505465
Deaths,Croatia,Both,All Ages,All causes,Number,2017,51210.60943917261,53718.20593031477,48808.60574069321
Deaths,Croatia,Both,All Ages,All causes,Rate,2017,1197.7700743154371,1256.4204998511073,1141.5893691853616
Deaths,The Bahamas,Both,All Ages,All causes,Number,2017,2517.1070019440717,2682.715967519124,2357.927212728148
Deaths,The Bahamas,Both,All Ages,All causes,Rate,2017,670.4409394190184,714.5515117429582,628.042802456219
Deaths,Uruguay,Both,All Ages,All causes,Number,2017,33513.55311245432,36397.15311727499,30705.78963025487
Deaths,Uruguay,Both,All Ages,All causes,Rate,2017,979.4898295977143,1063.7678787759762,897.4282300561175
Deaths,Central African Republic,Both,All Ages,All causes,Number,2017,63852.412998496126,72472.1090942581,55929.03674568875
Deaths,Central African Republic,Both,All Ages,All causes,Rate,2017,1381.334911797836,1567.8069116335207,1209.9265699146492
Deaths,Zimbabwe,Both,All Ages,All causes,Number,2017,117627.53254576428,128492.9563950274,106983.30403952372
Deaths,Zimbabwe,Both,All Ages,All causes,Rate,2017,799.4392852276162,873.2846383329397,727.0972557327972
Deaths,United Arab Emirates,Both,All Ages,All causes,Number,2017,26374.50982876709,31746.202407030618,21543.836143838005
Deaths,United Arab Emirates,Both,All Ages,All causes,Rate,2017,270.94964321937516,326.13391761969706,221.3233441928373
Deaths,Panama,Both,All Ages,All causes,Number,2017,18978.510380645643,19879.749138314015,18070.29147853017
Deaths,Panama,Both,All Ages,All causes,Rate,2017,484.01189402639795,506.9963258558794,460.84944649037885
Deaths,Mauritius,Both,All Ages,All causes,Number,2017,10332.646187656645,10882.739822665888,9795.224772492802
Deaths,Mauritius,Both,All Ages,All causes,Rate,2017,812.2434385515935,855.4859862504601,769.9970468455267
Deaths,Greece,Both,All Ages,All causes,Number,2017,120257.57546648482,125594.00258620612,114933.09149530524
Deaths,Greece,Both,All Ages,All causes,Rate,2017,1156.065113019811,1207.3654755737016,1104.8795628369085
Deaths,Malawi,Both,All Ages,All causes,Number,2017,129414.74174399888,142086.70693067793,118979.22459291664
Deaths,Malawi,Both,All Ages,All causes,Rate,2017,752.7957156321695,826.5075738997714,692.0931055904115
Deaths,Venezuela,Both,All Ages,All causes,Number,2017,172584.83700036426,195595.35221895517,153708.12370975802
Deaths,Venezuela,Both,All Ages,All causes,Rate,2017,559.7635140230047,634.3960662338985,498.53857938559975
Deaths,Chad,Both,All Ages,All causes,Number,2017,146652.59264164238,164489.42393382415,130956.85310311543
Deaths,Chad,Both,All Ages,All causes,Rate,2017,963.4198415771053,1080.5971574922958,860.3082182006685
Deaths,Belarus,Both,All Ages,All causes,Number,2017,120940.78765004365,126279.83555769775,115827.00645382734
Deaths,Belarus,Both,All Ages,All causes,Rate,2017,1274.2628035354546,1330.516366020127,1220.3827082394546
Deaths,Burkina Faso,Both,All Ages,All causes,Number,2017,182842.16533984357,208162.90396460524,162603.91508865863
Deaths,Burkina Faso,Both,All Ages,All causes,Rate,2017,865.6493630341193,985.5280639964393,769.8332343730907
Deaths,Cape Verde,Both,All Ages,All causes,Number,2017,3001.339103358731,3185.9029039125694,2813.875126393799
Deaths,Cape Verde,Both,All Ages,All causes,Rate,2017,549.8913137687555,583.706230132965,515.5450406461348
Deaths,Russian Federation,Both,All Ages,All causes,Number,2017,1834721.8725872417,1846658.3950764693,1822196.785838729
Deaths,Russian Federation,Both,All Ages,All causes,Rate,2017,1255.026702741203,1263.1917847003162,1246.4590181463898
Deaths,Dominica,Both,All Ages,All causes,Number,2017,687.8771962972756,723.1564088536088,653.4134318505419
Deaths,Dominica,Both,All Ages,All causes,Rate,2017,997.8907837997435,1049.0696879110849,947.8948352473527
Deaths,Slovakia,Both,All Ages,All causes,Number,2017,52781.96605103048,55286.67736710391,50410.2386692883
Deaths,Slovakia,Both,All Ages,All causes,Rate,2017,973.9789490993068,1020.1980704762505,930.2137634564308
Deaths,Serbia,Both,All Ages,All causes,Number,2017,123685.10176039873,128877.08741998373,118555.727802402
Deaths,Serbia,Both,All Ages,All causes,Rate,2017,1393.77654188382,1452.2837324438065,1335.97490696214
Deaths,Estonia,Both,All Ages,All causes,Number,2017,15296.437065496075,16779.67222070524,13854.006534458958
Deaths,Estonia,Both,All Ages,All causes,Rate,2017,1163.6312639653195,1276.4639969098432,1053.9026222675113
Deaths,Syria,Both,All Ages,All causes,Number,2017,114382.68351952036,124488.27863956915,105916.74465249495
Deaths,Syria,Both,All Ages,All causes,Rate,2017,630.8612971656507,686.5972586757421,584.1686247169824
Deaths,Barbados,Both,All Ages,All causes,Number,2017,2778.112749729664,2945.4233320634366,2606.5253215002585
Deaths,Barbados,Both,All Ages,All causes,Rate,2017,938.9201255883564,995.4661649787192,880.9286384976264
Deaths,Tunisia,Both,All Ages,All causes,Number,2017,66264.2220760711,77773.71099085065,55998.91896356389
Deaths,Tunisia,Both,All Ages,All causes,Rate,2017,579.122189325628,679.7104134006697,489.40764011109576
Deaths,Saudi Arabia,Both,All Ages,All causes,Number,2017,94588.1062340141,105514.68924471593,85535.86835662881
Deaths,Saudi Arabia,Both,All Ages,All causes,Rate,2017,274.6137464968836,306.3364441641203,248.33275772711588
Deaths,Belize,Both,All Ages,All causes,Number,2017,1874.538934725829,1946.235949575019,1812.2154113670977
Deaths,Belize,Both,All Ages,All causes,Rate,2017,474.6167604110976,492.7698135637904,458.83699280747004
Deaths,Cambodia,Both,All Ages,All causes,Number,2017,101856.85638815888,111126.53754754565,93884.55097880309
Deaths,Cambodia,Both,All Ages,All causes,Rate,2017,631.7729543198228,689.268679785285,582.3242758527136
Deaths,Cote d'Ivoire,Both,All Ages,All causes,Number,2017,185069.07267057963,204569.278718345,165625.0267465946
Deaths,Cote d'Ivoire,Both,All Ages,All causes,Rate,2017,741.3058403516955,819.415145286728,663.4214883337152
Deaths,Yemen,Both,All Ages,All causes,Number,2017,164695.35386264572,202465.5915301432,134862.41035166857
Deaths,Yemen,Both,All Ages,All causes,Rate,2017,540.8863748198568,664.929988977272,442.9101278437853
Deaths,The Gambia,Both,All Ages,All causes,Number,2017,13652.372808136182,15329.157662799409,12314.588517925566
Deaths,The Gambia,Both,All Ages,All causes,Rate,2017,640.2021907379838,718.8318437981422,577.469327713816
Deaths,Iceland,Both,All Ages,All causes,Number,2017,2203.945548239474,2276.3745192394504,2138.407851722433
Deaths,Iceland,Both,All Ages,All causes,Rate,2017,653.0779061633117,674.5402153224521,633.6576343465662
Deaths,Afghanistan,Both,All Ages,All causes,Number,2017,226650.05548051314,253551.81227429592,202692.84924881483
Deaths,Afghanistan,Both,All Ages,All causes,Rate,2017,689.8544078920706,771.7352416067874,616.9358979685747
Deaths,Oman,Both,All Ages,All causes,Number,2017,11176.805976824942,12785.77204984911,9703.22174451658
Deaths,Oman,Both,All Ages,All causes,Rate,2017,246.41228753227387,281.8847661131661,213.92453903708721
Deaths,Ghana,Both,All Ages,All causes,Number,2017,201638.6518283843,219694.80644622154,185652.128090785
Deaths,Ghana,Both,All Ages,All causes,Rate,2017,667.560683536864,727.3388005270036,614.6344483290791
Deaths,Malaysia,Both,All Ages,All causes,Number,2017,165133.20435599904,176854.0702620303,154446.72121331954
Deaths,Malaysia,Both,All Ages,All causes,Rate,2017,538.9495191890863,577.20321304291,504.07176717046156
Deaths,"Virgin Islands, U.S.",Both,All Ages,All causes,Number,2017,1256.8847524682822,1368.7397925830885,1096.4134892590666
Deaths,"Virgin Islands, U.S.",Both,All Ages,All causes,Rate,2017,1197.5765789453167,1304.1535550884485,1044.6774161257106
Deaths,Indonesia,Both,All Ages,All causes,Number,2017,1642526.1805629462,1719459.5945249246,1572156.3889209272
Deaths,Indonesia,Both,All Ages,All causes,Rate,2017,636.3059096563186,666.109505199171,609.0450265039096
Deaths,Lithuania,Both,All Ages,All causes,Number,2017,40898.85976975986,42857.903013888215,38973.39721424475
Deaths,Lithuania,Both,All Ages,All causes,Rate,2017,1436.233334926502,1505.0284853932646,1368.6174277116922
Deaths,Liberia,Both,All Ages,All causes,Number,2017,31198.812271839117,35136.69929060339,27767.8098910006
Deaths,Liberia,Both,All Ages,All causes,Rate,2017,660.6225344292976,744.0057376091326,587.972413369773
Deaths,Dominican Republic,Both,All Ages,All causes,Number,2017,67052.56531838792,73476.78484705377,60447.068605236396
Deaths,Dominican Republic,Both,All Ages,All causes,Rate,2017,641.5439265857876,703.0094201444531,578.3440135282831
Deaths,Romania,Both,All Ages,All causes,Number,2017,261100.99727086595,270830.8609055452,250664.94335014714
Deaths,Romania,Both,All Ages,All causes,Rate,2017,1343.5429750100034,1393.6097693570875,1289.8423492806376
Deaths,Guinea,Both,All Ages,All causes,Number,2017,108465.6337996916,120128.96022294689,98591.27775188572
Deaths,Guinea,Both,All Ages,All causes,Rate,2017,917.6459737916712,1016.3205876613831,834.1064898682358
Deaths,Latvia,Both,All Ages,All causes,Number,2017,28053.916765353606,30523.412426981507,25690.80203293588
Deaths,Latvia,Both,All Ages,All causes,Rate,2017,1442.0439121303575,1568.9823790356604,1320.5737002504625
Deaths,Cameroon,Both,All Ages,All causes,Number,2017,191215.04806230552,212936.20187996945,169870.6273712866
Deaths,Cameroon,Both,All Ages,All causes,Rate,2017,688.5734617144266,766.7922537406013,611.7113015840432
Deaths,Cuba,Both,All Ages,All causes,Number,2017,101444.37858326462,110745.39147411069,93210.03490027098
Deaths,Cuba,Both,All Ages,All causes,Rate,2017,891.6878848020015,973.4430360186587,819.3086696698911
Deaths,Laos,Both,All Ages,All causes,Number,2017,45555.09049897435,50338.149929851286,41363.78194170062
Deaths,Laos,Both,All Ages,All causes,Rate,2017,653.5715621503927,722.1933471113252,593.4395318717271
Deaths,Qatar,Both,All Ages,All causes,Number,2017,3745.6390007390805,4382.899165306932,3163.737561899115
Deaths,Qatar,Both,All Ages,All causes,Rate,2017,136.33837809696178,159.53415784131,115.1576133814954
Deaths,Moldova,Both,All Ages,All causes,Number,2017,41804.335534257494,42713.23233504385,40829.67510146029
Deaths,Moldova,Both,All Ages,All causes,Rate,2017,1123.2227790100467,1147.6435377032662,1097.0350454669415
Deaths,Guinea-Bissau,Both,All Ages,All causes,Number,2017,15504.474535477158,17357.90133632281,13778.84342407613
Deaths,Guinea-Bissau,Both,All Ages,All causes,Rate,2017,835.5772738590315,935.4633622268899,742.5784343013628
