﻿Series Name,Series Code,Country Name,Country Code,1990 [YR1990],2000 [YR2000],2010 [YR2010],2011 [YR2011],2012 [YR2012],2013 [YR2013],2014 [YR2014],2015 [YR2015],2016 [YR2016],2017 [YR2017],2018 [YR2018],2019 [YR2019]
"Suicide mortality rate (per 100,000 population)",SH.STA.SUIC.P5,Sub-Saharan Africa,SSF,..,8.45690849677852,7.7474826162272,..,..,..,..,7.56868569348806,7.53975065904915,..,..,..
"Suicide mortality rate (per 100,000 population)",SH.STA.SUIC.P5,World,WLD,..,12.8795944797539,11.4804370799598,..,..,..,..,10.7523389498181,10.6396274578633,..,..,..
"Suicide mortality rate (per 100,000 population)",SH.STA.SUIC.P5,"Congo, Dem. Rep.",COD,..,6.6,5.5,..,..,..,..,5.6,5.7,..,..,..
"Suicide mortality rate (per 100,000 population)",SH.STA.SUIC.P5,Nigeria,NGA,..,10.2,10,..,..,..,..,9.6,9.5,..,..,..
"Suicide mortality rate (per 100,000 population)",SH.STA.SUIC.P5,Kenya,KEN,..,4.4,3.1,..,..,..,..,3.1,3.2,..,..,..
"Suicide mortality rate (per 100,000 population)",SH.STA.SUIC.P5,South Africa,ZAF,..,11.6,12.2,..,..,..,..,11.8,11.6,..,..,..
"Suicide mortality rate (per 100,000 population)",SH.STA.SUIC.P5,Sudan,SDN,..,7.9,8,..,..,..,..,8,8.1,..,..,..
"Suicide mortality rate (per 100,000 population)",SH.STA.SUIC.P5,Tanzania,TZA,..,6.9,5.3,..,..,..,..,5.4,5.4,..,..,..
"Suicide mortality rate (per 100,000 population)",SH.STA.SUIC.P5,Cameroon,CMR,..,13.3,11.7,..,..,..,..,12.3,12.2,..,..,..
"Suicide mortality rate (per 100,000 population)",SH.STA.SUIC.P5,Ghana,GHA,..,4,4.7,..,..,..,..,5.3,5.4,..,..,..
"Suicide mortality rate (per 100,000 population)",SH.STA.SUIC.P5,Zimbabwe,ZWE,..,12.9,11.9,..,..,..,..,10.6,10.7,..,..,..
"Suicide mortality rate (per 100,000 population)",SH.STA.SUIC.P5,Ethiopia,ETH,..,8,7.3,..,..,..,..,7.2,7.2,..,..,..
,,,,,,,,,,,,,,,
,,,,,,,,,,,,,,,
,,,,,,,,,,,,,,,
Data from database: World Development Indicators,,,,,,,,,,,,,,,
Last Updated: 10/28/2019,,,,,,,,,,,,,,,
